FullName,AccountID,Address,PhoneNumber
Ryan Wilson,99345676,"729 Geylang Road, 389640, Singapore",96847968
Paul Yu,99345678,"501 Orchard Road 11-02 Wheelock Place, 238880, Singapore",97299529
Johnny Lee,99345677,"114 Middle Road 04-00 Lee Kai House, 188971, Singapore",96186547
James Smith,99345671,"164 Bukit Merah Central #04-3641, 150164, Singapore",96952464
Jay Davis,99345672,"810, Geylang Rd #02-80, City Plaza Singapore 409286, Singapore",97992589
Jake Miller,99345673,"16 Jalan Pari Burong 488682, Singapore",93687289
Amy Lopez,99345674,"321 Orchard Road #06-05 Orchard Shopping Centre, 238866, Singapore",92234631
Tom Perez,99345679,"15 Bussorah Street, 199436, Singapore",99362209
